3,John,a,AA@AA.com,123-456-7897,1
4,Jacob,b,AA@Ab.com,123-456-7897,1
5,Jeffery,s,AA@Ac.com,123-456-7897,1
6,Justin,c,AA@Ad.com,123-456-7897,1
7,Melissa,a,AA@Ae.com,123-456-7897,1
8,Melanie,h,AA@Af.com,123-456-7897,1
9,Lisa,r,AA@Ag.com,123-456-7897,1
10,Stephanie,w,vAA@Ae.com,123-456-7897,1
11,Melinda,q,1AA@AA.com,123-456-7897,1
12,Marcy,er,2AA@AA.com,123-456-7897,2
13,Mae ,er,3AA@AA.com,123-456-7897,2
14,Martha,wbxczv,4AA@AA.com,123-456-7897,2
15,Marline,;lkjwer,5AA@AA.com,123-456-7897,2
16,Marie,hxczv,6AA@AA.com,123-456-7897,2
17,Michelle,twer,77AA@AA.com,123-456-7897,2
18,Liddy,xcv,8AA@AA.com,123-456-7897,2
19,Kiera,jgfhj,99AA@AA.com,123-456-7897,3
20,Steve,qwe,000AA@AA.com,123-456-7897,3
